{
  "hash": "746e7e78",
  "configHash": "1f7e8d74",
  "lockfileHash": "0354b5ac",
  "browserHash": "c47a0a5e",
  "optimized": {
    "@angular/common": {
      "src": "../../../../../../node_modules/@angular/common/fesm2022/common.mjs",
      "file": "@angular_common.js",
      "fileHash": "eb976ef5",
      "needsInterop": false
    },
    "@angular/common/http": {
      "src": "../../../../../../node_modules/@angular/common/fesm2022/http.mjs",
      "file": "@angular_common_http.js",
      "fileHash": "2faa9dbe",
      "needsInterop": false
    },
    "@angular/core": {
      "src": "../../../../../../node_modules/@angular/core/fesm2022/core.mjs",
      "file": "@angular_core.js",
      "fileHash": "1d67451c",
      "needsInterop": false
    },
    "@angular/forms": {
      "src": "../../../../../../node_modules/@angular/forms/fesm2022/forms.mjs",
      "file": "@angular_forms.js",
      "fileHash": "9f2c6944",
      "needsInterop": false
    },
    "@angular/platform-browser": {
      "src": "../../../../../../node_modules/@angular/platform-browser/fesm2022/platform-browser.mjs",
      "file": "@angular_platform-browser.js",
      "fileHash": "40685e56",
      "needsInterop": false
    },
    "@angular/router": {
      "src": "../../../../../../node_modules/@angular/router/fesm2022/router.mjs",
      "file": "@angular_router.js",
      "fileHash": "cbc8b41b",
      "needsInterop": false
    }
  },
  "chunks": {
    "chunk-YMUEEQRX": {
      "file": "chunk-YMUEEQRX.js"
    },
    "chunk-JJJAALSB": {
      "file": "chunk-JJJAALSB.js"
    },
    "chunk-54L2ORA5": {
      "file": "chunk-54L2ORA5.js"
    },
    "chunk-KCSUZAPK": {
      "file": "chunk-KCSUZAPK.js"
    }
  }
}